source,target,from_lang,to_lang
我是许丙南。,I am Xu Bingnan.,中文,英文
没有饭团会死。,No Rice and vegetable roll will die.,中文,英文
许丙南,Xu Bingnan,自动检测,英文
"“航行的支部”系列（三）：品质引领，乘风破浪

提档升级：蓝色岛链计划引领航运新篇章
为顺应舟山市政府“蓝色岛链”发展计划，海华公司启动新一轮的船舶改造升级工程，旨在提升船舶设施和服务质量，增强乘客体验。","Navigation Branch Series (3): Quality Leading, Riding the Winds and Breaking the Waves",中文,英文
该工程不仅促进了舟山海上交通网络的升级，也大大提升了岛际交通服务的整体水平。,"This project not only promotes the upgrading of Zhoushan's maritime transportation network, but also greatly improves the overall level of inter island transportation services.",中文,英文
据统计，舟山市每年接待游客人数已经突破6000万人次，海上客运量超过1600万人次。,"According to statistics, the annual number of tourists received in Zhoushan City has exceeded 60 million, and the sea passenger volume has exceeded 16 million.",中文,英文
"品质客船的成功改造：新海华63号的亮点解析
在此背景下，海华63号作为公司改造升级计划中的一部分，通过细致的设计改造，成为该工程中的先进典范。",The successful transformation of quality passenger ships: analysis of the highlights of the New Haihua 63,中文,英文
此次改造中，公司结合本船的结构条件及船体特色，着重优化下客舱的设计，将其改造成影院式客舱，为乘客提供了全新的娱乐体验。,"In this renovation, the company focused on optimizing the cabin design based on the structural conditions and characteristics of the ship, transforming it into a cinema style cabin and providing passengers with a brand new entertainment experience.",中文,英文
客舱内部的设计也融入了智能灯光系统和高效空调设备，确保乘客在更加舒适的环境中享受旅途。,"The interior design of the cabin also incorporates intelligent lighting systems and efficient air conditioning equipment, ensuring passengers enjoy their journey in a more comfortable environment.",中文,英文
改造后的63号船舶自投入运营以来，赢得了乘客的广泛好评。,"Since its operation, the renovated vessel No. 63 has received widespread praise from passengers.",中文,英文
这一成功为公司后续的船舶改造项目提供了宝贵的经验。,This success provides valuable experience for the company's subsequent ship renovation projects.,中文,英文
65号船舶将重点加强顶舱与客舱的功能分区，并增设商务舱，配备高级座椅和独立的影音娱乐系统，以满足高端客户的需求。,"The vessel No. 65 will focus on strengthening the functional zoning between the top cabin and the cabin, and adding a business class equipped with premium seats and independent audio-visual entertainment systems to meet the needs of high-end customers.",中文,英文
此外，66号船舶还将安装先进的空气净化系统，确保船舱内的空气质量，进一步提升乘客的舒适体验。,"In addition, vessel 66 will also be equipped with advanced air purification systems to ensure air quality in the cabin and further enhance passenger comfort.",中文,英文
这些举措将确保舟山市在经济和旅游领域中继续保持领先地位，同时为广大乘客提供更加优质的出行服务。,"These measures will ensure that Zhoushan City continues to maintain its leading position in the economic and tourism fields, while providing better travel services for passengers.",中文,英文
舟山市的“蓝色岛链”工程作为浙江省经济走廊交通示范项目之一，具有重要的战略意义。,"The ""Blue Island Chain"" project in Zhoushan City, as one of the transportation demonstration projects of the Zhejiang Provincial Economic Corridor, has important strategic significance.",中文,英文
近年来，随着舟山群岛新区旅游业的快速发展，海岛交通运输需求日益增加，对客运船舶的舒适性、安全性和整体服务水平提出了更高要求。,"In recent years, with the rapid development of tourism in the Zhoushan Archipelago New Area, the demand for island transportation has been increasing, which has put forward higher requirements for the comfort, safety, and overall service level of passenger ships.",中文,英文
新海华63号是继62号之后完成改造的第二艘客船。,The Xinhaihua 63 is the second passenger ship to be renovated after the 62.,中文,英文
新海华63号的改造不仅提升了船舶的整体舒适度，还符合《品质客渡船客运设施设备与服务规范（2024年版）》的严格要求，体现了海华公司对高标准服务的承诺。,"The renovation of New Haihua 63 not only improves the overall comfort of the vessel, but also meets the strict requirements of the ""Quality Passenger Ferry Passenger Transport Facilities, Equipment and Services Specification (2024 Edition)"", reflecting Haihua Company's commitment to high standard service.",中文,英文
"迈向新高度：65号与66号船舶的升级展望
基于63号船舶改造的成功经验，海华公司计划对65号和66号两艘船舶进行全面升级。",Towards New Heights: Prospects for Upgrading Ships 65 and 66,中文,英文
未来，随着65号和66号船舶的全面升级，海华公司将在舟山群岛的交通运输中继续发挥重要作用，不断推动岛际交通的现代化进程。,"In the future, with the comprehensive upgrade of ships 65 and 66, Haihua Company will continue to play an important role in the transportation of the Zhoushan Islands and continuously promote the modernization process of inter island transportation.",中文,英文
这一庞大的客流量对客运船舶的运力、服务品质提出了更高的要求。,This huge passenger flow has put forward higher requirements for the capacity and service quality of passenger ships.,中文,英文
根据运营数据，这艘船的客座率持续上升，尤其是在旅游旺季，客舱预订率常常接近满员。,"According to operational data, the passenger load factor of this ship continues to rise, especially during peak tourist seasons when cabin booking rates often approach full capacity.",中文,英文
通过引入高清投影设备和环绕音响系统，使得航行过程中的娱乐性大幅提升。,"By introducing high-definition projection equipment and surround sound systems, the entertainment during navigation has been greatly enhanced.",中文,英文
66号船舶的改造则主要集中在底舱，通过全景窗户设计和智能玻璃材料的应用，增加自然光线的引入，提升空间的通透感。,"The renovation of vessel 66 mainly focuses on the bottom cabin, increasing the introduction of natural light and enhancing the transparency of the space through panoramic window design and the application of intelligent glass materials.",中文,英文
